condition_id,predictor,design_id,source_pass,model_pdb,contact_residue_count,contact_residues_present,contact_residue_identity_preserved,contact_residue_charge_class_preserved,contact_face_atoms_reference,contact_face_atoms_compared,contact_face_atoms_missing,contact_face_RMSD,whole_motif_exposure_proxy,contact_face_exposure_proxy,local_support_residue_count_8A,local_occluding_atom_count,local_clash_count,decision,caution_flags
c04_contact_core_a169_178_all_20_30,af3,design_17,PASS,/public/home/yinyifan/protein_design/examples/rsv_f_siteV_hRSV90_reproduction_5TPN_20260629/rfd3_contact_motif_pilot/conditions/c04_contact_core_a169_178_all_20_30/array_work/design_17/predictions_flat/design_17.pdb,10,10,10,10,37,37,0,1.1758,0.0386555,0.0467762,30,13,0,contact_face_caution,contact_face_low_exposure_proxy;possible_contact_face_occlusion
c04_contact_core_a169_178_all_20_30,af3,design_18,PASS,/public/home/yinyifan/protein_design/examples/rsv_f_siteV_hRSV90_reproduction_5TPN_20260629/rfd3_contact_motif_pilot/conditions/c04_contact_core_a169_178_all_20_30/array_work/design_18/predictions_flat/design_18.pdb,10,10,10,10,37,37,0,0.999696,0.0327947,0.0383817,34,13,0,contact_face_caution,contact_face_low_exposure_proxy;possible_contact_face_occlusion
c04_contact_core_a169_178_all_20_30,af3,design_19,PASS,/public/home/yinyifan/protein_design/examples/rsv_f_siteV_hRSV90_reproduction_5TPN_20260629/rfd3_contact_motif_pilot/conditions/c04_contact_core_a169_178_all_20_30/array_work/design_19/predictions_flat/design_19.pdb,10,10,10,10,37,37,0,1.04747,0.029987,0.0339761,34,17,0,contact_face_caution,contact_face_low_exposure_proxy;possible_contact_face_occlusion
c04_contact_core_a169_178_all_20_30,af3,design_0,FAIL,/public/home/yinyifan/protein_design/examples/rsv_f_siteV_hRSV90_reproduction_5TPN_20260629/rfd3_contact_motif_pilot/conditions/c04_contact_core_a169_178_all_20_30/array_work/design_0/predictions_flat/design_0.pdb,10,10,10,10,37,37,0,4.80667,0.0271013,0.0267148,44,19,0,contact_face_caution,contact_face_rmsd_high;contact_face_low_exposure_proxy;possible_contact_face_occlusion
c04_contact_core_a169_178_all_20_30,af3,design_6,PASS,/public/home/yinyifan/protein_design/examples/rsv_f_siteV_hRSV90_reproduction_5TPN_20260629/rfd3_contact_motif_pilot/conditions/c04_contact_core_a169_178_all_20_30/array_work/design_6/predictions_flat/design_6.pdb,10,10,10,10,37,37,0,2.60654,0.028607,0.0331244,38,20,0,contact_face_caution,contact_face_rmsd_high;contact_face_low_exposure_proxy;possible_contact_face_occlusion
c04_contact_core_a169_178_all_20_30,af3,design_2,PASS,/public/home/yinyifan/protein_design/examples/rsv_f_siteV_hRSV90_reproduction_5TPN_20260629/rfd3_contact_motif_pilot/conditions/c04_contact_core_a169_178_all_20_30/array_work/design_2/predictions_flat/design_2.pdb,10,10,10,10,37,37,0,2.05729,0.0357884,0.0394456,37,15,0,contact_face_caution,contact_face_low_exposure_proxy;possible_contact_face_occlusion
c04_contact_core_a169_178_all_20_30,af3,design_14,PASS,/public/home/yinyifan/protein_design/examples/rsv_f_siteV_hRSV90_reproduction_5TPN_20260629/rfd3_contact_motif_pilot/conditions/c04_contact_core_a169_178_all_20_30/array_work/design_14/predictions_flat/design_14.pdb,10,10,10,10,37,37,0,2.99022,0.0243558,0.0245358,41,22,0,contact_face_caution,contact_face_rmsd_high;contact_face_low_exposure_proxy;possible_contact_face_occlusion
c04_contact_core_a169_178_all_20_30,af3,design_4,PASS,/public/home/yinyifan/protein_design/examples/rsv_f_siteV_hRSV90_reproduction_5TPN_20260629/rfd3_contact_motif_pilot/conditions/c04_contact_core_a169_178_all_20_30/array_work/design_4/predictions_flat/design_4.pdb,10,10,10,10,37,37,0,2.02041,0.0244421,0.025838,33,21,0,contact_face_caution,contact_face_low_exposure_proxy;possible_contact_face_occlusion
c04_contact_core_a169_178_all_20_30,af3,design_15,FAIL,/public/home/yinyifan/protein_design/examples/rsv_f_siteV_hRSV90_reproduction_5TPN_20260629/rfd3_contact_motif_pilot/conditions/c04_contact_core_a169_178_all_20_30/array_work/design_15/predictions_flat/design_15.pdb,10,10,10,10,37,37,0,4.99173,0.071134,0.0787234,14,13,0,contact_face_caution,contact_face_rmsd_high;contact_face_low_exposure_proxy;possible_contact_face_occlusion
c04_contact_core_a169_178_all_20_30,af3,design_13,FAIL,/public/home/yinyifan/protein_design/examples/rsv_f_siteV_hRSV90_reproduction_5TPN_20260629/rfd3_contact_motif_pilot/conditions/c04_contact_core_a169_178_all_20_30/array_work/design_13/predictions_flat/design_13.pdb,10,10,10,10,37,37,0,3.74268,0.0347257,0.0348071,38,19,1,contact_face_caution,contact_face_rmsd_high;contact_face_low_exposure_proxy;possible_contact_face_occlusion
c04_contact_core_a169_178_all_20_30,af3,design_12,PASS,/public/home/yinyifan/protein_design/examples/rsv_f_siteV_hRSV90_reproduction_5TPN_20260629/rfd3_contact_motif_pilot/conditions/c04_contact_core_a169_178_all_20_30/array_work/design_12/predictions_flat/design_12.pdb,10,10,10,10,37,37,0,2.22268,0.0341923,0.040349,34,15,0,contact_face_caution,contact_face_low_exposure_proxy;possible_contact_face_occlusion
c04_contact_core_a169_178_all_20_30,af3,design_8,FAIL,/public/home/yinyifan/protein_design/examples/rsv_f_siteV_hRSV90_reproduction_5TPN_20260629/rfd3_contact_motif_pilot/conditions/c04_contact_core_a169_178_all_20_30/array_work/design_8/predictions_flat/design_8.pdb,10,10,10,10,37,37,0,4.51251,0.0496046,0.0422374,26,11,1,contact_face_caution,contact_face_rmsd_high;contact_face_low_exposure_proxy;possible_contact_face_occlusion
c04_contact_core_a169_178_all_20_30,af3,design_11,PASS,/public/home/yinyifan/protein_design/examples/rsv_f_siteV_hRSV90_reproduction_5TPN_20260629/rfd3_contact_motif_pilot/conditions/c04_contact_core_a169_178_all_20_30/array_work/design_11/predictions_flat/design_11.pdb,10,10,10,10,37,37,0,1.47527,0.0276664,0.0300569,33,20,0,contact_face_caution,contact_face_low_exposure_proxy;possible_contact_face_occlusion
c04_contact_core_a169_178_all_20_30,af3,design_10,FAIL,/public/home/yinyifan/protein_design/examples/rsv_f_siteV_hRSV90_reproduction_5TPN_20260629/rfd3_contact_motif_pilot/conditions/c04_contact_core_a169_178_all_20_30/array_work/design_10/predictions_flat/design_10.pdb,10,10,10,10,37,37,0,2.00116,0.0260377,0.0265805,41,19,0,contact_face_caution,contact_face_low_exposure_proxy;possible_contact_face_occlusion
c04_contact_core_a169_178_all_20_30,af3,design_16,FAIL,/public/home/yinyifan/protein_design/examples/rsv_f_siteV_hRSV90_reproduction_5TPN_20260629/rfd3_contact_motif_pilot/conditions/c04_contact_core_a169_178_all_20_30/array_work/design_16/predictions_flat/design_16.pdb,10,10,10,10,37,37,0,3.55283,0.0470027,0.051532,23,16,0,contact_face_caution,contact_face_rmsd_high;contact_face_low_exposure_proxy;possible_contact_face_occlusion
c04_contact_core_a169_178_all_20_30,af3,design_7,FAIL,/public/home/yinyifan/protein_design/examples/rsv_f_siteV_hRSV90_reproduction_5TPN_20260629/rfd3_contact_motif_pilot/conditions/c04_contact_core_a169_178_all_20_30/array_work/design_7/predictions_flat/design_7.pdb,10,10,10,10,37,37,0,5.00667,0.0498555,0.0566616,33,13,0,contact_face_caution,contact_face_rmsd_high;contact_face_low_exposure_proxy;possible_contact_face_occlusion
c04_contact_core_a169_178_all_20_30,af3,design_9,FAIL,/public/home/yinyifan/protein_design/examples/rsv_f_siteV_hRSV90_reproduction_5TPN_20260629/rfd3_contact_motif_pilot/conditions/c04_contact_core_a169_178_all_20_30/array_work/design_9/predictions_flat/design_9.pdb,10,10,10,10,37,37,0,4.36148,0.0507353,0.0533141,26,15,0,contact_face_caution,contact_face_rmsd_high;contact_face_low_exposure_proxy;possible_contact_face_occlusion
c04_contact_core_a169_178_all_20_30,af3,design_1,FAIL,/public/home/yinyifan/protein_design/examples/rsv_f_siteV_hRSV90_reproduction_5TPN_20260629/rfd3_contact_motif_pilot/conditions/c04_contact_core_a169_178_all_20_30/array_work/design_1/predictions_flat/design_1.pdb,10,10,10,10,37,37,0,3.85158,0.0425401,0.0372984,32,12,0,contact_face_caution,contact_face_rmsd_high;contact_face_low_exposure_proxy;possible_contact_face_occlusion
c04_contact_core_a169_178_all_20_30,af3,design_3,FAIL,/public/home/yinyifan/protein_design/examples/rsv_f_siteV_hRSV90_reproduction_5TPN_20260629/rfd3_contact_motif_pilot/conditions/c04_contact_core_a169_178_all_20_30/array_work/design_3/predictions_flat/design_3.pdb,10,10,10,10,37,37,0,5.07459,0.0564648,0.0565749,28,12,0,contact_face_caution,contact_face_rmsd_high;contact_face_low_exposure_proxy;possible_contact_face_occlusion
c04_contact_core_a169_178_all_20_30,af3,design_5,FAIL,/public/home/yinyifan/protein_design/examples/rsv_f_siteV_hRSV90_reproduction_5TPN_20260629/rfd3_contact_motif_pilot/conditions/c04_contact_core_a169_178_all_20_30/array_work/design_5/predictions_flat/design_5.pdb,10,10,10,10,37,37,0,3.34661,0.0816568,0.093199,23,10,0,contact_face_caution,contact_face_rmsd_high;possible_contact_face_occlusion
c04_contact_core_a169_178_all_20_30,rf3,design_18,PASS,/public/home/yinyifan/protein_design/examples/rsv_f_siteV_hRSV90_reproduction_5TPN_20260629/rfd3_contact_motif_pilot/conditions/c04_contact_core_a169_178_all_20_30/rf3_confirmations_final/design_18/predictions_flat/rf3/design_18.pdb,10,10,10,10,37,37,0,1.00309,0.0320632,0.0364892,34,15,0,contact_face_caution,contact_face_low_exposure_proxy;possible_contact_face_occlusion
c04_contact_core_a169_178_all_20_30,rf3,design_17,PASS,/public/home/yinyifan/protein_design/examples/rsv_f_siteV_hRSV90_reproduction_5TPN_20260629/rfd3_contact_motif_pilot/conditions/c04_contact_core_a169_178_all_20_30/rf3_confirmations_final/design_17/predictions_flat/rf3/design_17.pdb,10,10,10,10,37,37,0,1.1659,0.0378705,0.0460772,30,14,0,contact_face_caution,contact_face_low_exposure_proxy;possible_contact_face_occlusion
c04_contact_core_a169_178_all_20_30,rf3,design_2,PASS,/public/home/yinyifan/protein_design/examples/rsv_f_siteV_hRSV90_reproduction_5TPN_20260629/rfd3_contact_motif_pilot/conditions/c04_contact_core_a169_178_all_20_30/rf3_confirmations_final/design_2/predictions_flat/rf3/design_2.pdb,10,10,10,10,37,37,0,2.41821,0.0334627,0.0384216,36,15,0,contact_face_caution,contact_face_low_exposure_proxy;possible_contact_face_occlusion
c04_contact_core_a169_178_all_20_30,rf3,design_19,PASS,/public/home/yinyifan/protein_design/examples/rsv_f_siteV_hRSV90_reproduction_5TPN_20260629/rfd3_contact_motif_pilot/conditions/c04_contact_core_a169_178_all_20_30/rf3_confirmations_final/design_19/predictions_flat/rf3/design_19.pdb,10,10,10,10,37,37,0,1.37023,0.0293492,0.0329475,35,20,0,contact_face_caution,contact_face_low_exposure_proxy;possible_contact_face_occlusion
c04_contact_core_a169_178_all_20_30,rf3,design_6,PASS,/public/home/yinyifan/protein_design/examples/rsv_f_siteV_hRSV90_reproduction_5TPN_20260629/rfd3_contact_motif_pilot/conditions/c04_contact_core_a169_178_all_20_30/rf3_confirmations_final/design_6/predictions_flat/rf3/design_6.pdb,10,10,10,10,37,37,0,2.25372,0.0291139,0.0333333,38,23,0,contact_face_caution,contact_face_low_exposure_proxy;possible_contact_face_occlusion
