backbone_id,design_id,pass,plddt_mean,pae_mean,motif_rmsd,clash_count,ptm,iptm,ranking_score,prediction_has_clash,motif_atoms_compared,motif_atoms_missing,model_pdb,confidence_file,source_summary,task_dir,parse_error,source_backend,original_design_id,original_backbone_id
rfdiffusion_v1__design_9,rfdiffusion_v1__design_9,PASS,90.70910514541387,2.656391841424878,0.8092217555704638,0,,,,,76,0,/public/home/yinyifan/protein_design/examples/rsv_f_siteV_hRSV90_reproduction_5TPN_20260629/phase1_smoke/rfdiffusion_v1/array_work/design_9/predictions_flat/design_9.pdb,/public/home/yinyifan/protein_design/examples/rsv_f_siteV_hRSV90_reproduction_5TPN_20260629/phase1_smoke/rfdiffusion_v1/array_work/design_9/predictions_flat/design_9.json,/public/home/yinyifan/protein_design/examples/rsv_f_siteV_hRSV90_reproduction_5TPN_20260629/phase1_smoke/rfdiffusion_v1/array_work/design_9/filter_summary.csv,/public/home/yinyifan/protein_design/examples/rsv_f_siteV_hRSV90_reproduction_5TPN_20260629/phase1_smoke/rfdiffusion_v1/array_work/design_9,,rfdiffusion_v1,design_9,design_9
rfdiffusion_v1__design_7,rfdiffusion_v1__design_7,PASS,90.53102040816327,2.53401652892562,0.8315725055699434,0,,,,,76,0,/public/home/yinyifan/protein_design/examples/rsv_f_siteV_hRSV90_reproduction_5TPN_20260629/phase1_smoke/rfdiffusion_v1/array_work/design_7/predictions_flat/design_7.pdb,/public/home/yinyifan/protein_design/examples/rsv_f_siteV_hRSV90_reproduction_5TPN_20260629/phase1_smoke/rfdiffusion_v1/array_work/design_7/predictions_flat/design_7.json,/public/home/yinyifan/protein_design/examples/rsv_f_siteV_hRSV90_reproduction_5TPN_20260629/phase1_smoke/rfdiffusion_v1/array_work/design_7/filter_summary.csv,/public/home/yinyifan/protein_design/examples/rsv_f_siteV_hRSV90_reproduction_5TPN_20260629/phase1_smoke/rfdiffusion_v1/array_work/design_7,,rfdiffusion_v1,design_7,design_7
rfdiffusion_v1__design_15,rfdiffusion_v1__design_15,PASS,89.28551724137931,2.9345511249721543,0.7312926294909559,0,,,,,76,0,/public/home/yinyifan/protein_design/examples/rsv_f_siteV_hRSV90_reproduction_5TPN_20260629/phase1_smoke/rfdiffusion_v1/array_work/design_15/predictions_flat/design_15.pdb,/public/home/yinyifan/protein_design/examples/rsv_f_siteV_hRSV90_reproduction_5TPN_20260629/phase1_smoke/rfdiffusion_v1/array_work/design_15/predictions_flat/design_15.json,/public/home/yinyifan/protein_design/examples/rsv_f_siteV_hRSV90_reproduction_5TPN_20260629/phase1_smoke/rfdiffusion_v1/array_work/design_15/filter_summary.csv,/public/home/yinyifan/protein_design/examples/rsv_f_siteV_hRSV90_reproduction_5TPN_20260629/phase1_smoke/rfdiffusion_v1/array_work/design_15,,rfdiffusion_v1,design_15,design_15
rfdiffusion_v1__design_4,rfdiffusion_v1__design_4,PASS,88.49002358490566,3.204,0.9759984474964446,1,,,,,76,0,/public/home/yinyifan/protein_design/examples/rsv_f_siteV_hRSV90_reproduction_5TPN_20260629/phase1_smoke/rfdiffusion_v1/array_work/design_4/predictions_flat/design_4.pdb,/public/home/yinyifan/protein_design/examples/rsv_f_siteV_hRSV90_reproduction_5TPN_20260629/phase1_smoke/rfdiffusion_v1/array_work/design_4/predictions_flat/design_4.json,/public/home/yinyifan/protein_design/examples/rsv_f_siteV_hRSV90_reproduction_5TPN_20260629/phase1_smoke/rfdiffusion_v1/array_work/design_4/filter_summary.csv,/public/home/yinyifan/protein_design/examples/rsv_f_siteV_hRSV90_reproduction_5TPN_20260629/phase1_smoke/rfdiffusion_v1/array_work/design_4,,rfdiffusion_v1,design_4,design_4
rfdiffusion_v1__design_18,rfdiffusion_v1__design_18,PASS,88.09142361111111,3.632764120848189,0.8317954570652241,0,,,,,76,0,/public/home/yinyifan/protein_design/examples/rsv_f_siteV_hRSV90_reproduction_5TPN_20260629/phase1_smoke/rfdiffusion_v1/array_work/design_18/predictions_flat/design_18.pdb,/public/home/yinyifan/protein_design/examples/rsv_f_siteV_hRSV90_reproduction_5TPN_20260629/phase1_smoke/rfdiffusion_v1/array_work/design_18/predictions_flat/design_18.json,/public/home/yinyifan/protein_design/examples/rsv_f_siteV_hRSV90_reproduction_5TPN_20260629/phase1_smoke/rfdiffusion_v1/array_work/design_18/filter_summary.csv,/public/home/yinyifan/protein_design/examples/rsv_f_siteV_hRSV90_reproduction_5TPN_20260629/phase1_smoke/rfdiffusion_v1/array_work/design_18,,rfdiffusion_v1,design_18,design_18
rfdiffusion_v1__design_14,rfdiffusion_v1__design_14,PASS,87.32445736434109,3.2163665681268476,0.7477300563816425,0,,,,,76,0,/public/home/yinyifan/protein_design/examples/rsv_f_siteV_hRSV90_reproduction_5TPN_20260629/phase1_smoke/rfdiffusion_v1/array_work/design_14/predictions_flat/design_14.pdb,/public/home/yinyifan/protein_design/examples/rsv_f_siteV_hRSV90_reproduction_5TPN_20260629/phase1_smoke/rfdiffusion_v1/array_work/design_14/predictions_flat/design_14.json,/public/home/yinyifan/protein_design/examples/rsv_f_siteV_hRSV90_reproduction_5TPN_20260629/phase1_smoke/rfdiffusion_v1/array_work/design_14/filter_summary.csv,/public/home/yinyifan/protein_design/examples/rsv_f_siteV_hRSV90_reproduction_5TPN_20260629/phase1_smoke/rfdiffusion_v1/array_work/design_14,,rfdiffusion_v1,design_14,design_14
rfdiffusion_v1__design_16,rfdiffusion_v1__design_16,PASS,87.19773364485981,3.012482853223594,0.818350478233792,0,,,,,76,0,/public/home/yinyifan/protein_design/examples/rsv_f_siteV_hRSV90_reproduction_5TPN_20260629/phase1_smoke/rfdiffusion_v1/array_work/design_16/predictions_flat/design_16.pdb,/public/home/yinyifan/protein_design/examples/rsv_f_siteV_hRSV90_reproduction_5TPN_20260629/phase1_smoke/rfdiffusion_v1/array_work/design_16/predictions_flat/design_16.json,/public/home/yinyifan/protein_design/examples/rsv_f_siteV_hRSV90_reproduction_5TPN_20260629/phase1_smoke/rfdiffusion_v1/array_work/design_16/filter_summary.csv,/public/home/yinyifan/protein_design/examples/rsv_f_siteV_hRSV90_reproduction_5TPN_20260629/phase1_smoke/rfdiffusion_v1/array_work/design_16,,rfdiffusion_v1,design_16,design_16
rfdiffusion_v1__design_10,rfdiffusion_v1__design_10,PASS,87.07645748987854,3.3354318418314257,1.109092828129427,0,,,,,76,0,/public/home/yinyifan/protein_design/examples/rsv_f_siteV_hRSV90_reproduction_5TPN_20260629/phase1_smoke/rfdiffusion_v1/array_work/design_10/predictions_flat/design_10.pdb,/public/home/yinyifan/protein_design/examples/rsv_f_siteV_hRSV90_reproduction_5TPN_20260629/phase1_smoke/rfdiffusion_v1/array_work/design_10/predictions_flat/design_10.json,/public/home/yinyifan/protein_design/examples/rsv_f_siteV_hRSV90_reproduction_5TPN_20260629/phase1_smoke/rfdiffusion_v1/array_work/design_10/filter_summary.csv,/public/home/yinyifan/protein_design/examples/rsv_f_siteV_hRSV90_reproduction_5TPN_20260629/phase1_smoke/rfdiffusion_v1/array_work/design_10,,rfdiffusion_v1,design_10,design_10
rfdiffusion_v1__design_11,rfdiffusion_v1__design_11,PASS,86.07666666666667,3.764173775044634,1.3352265112105255,0,,,,,76,0,/public/home/yinyifan/protein_design/examples/rsv_f_siteV_hRSV90_reproduction_5TPN_20260629/phase1_smoke/rfdiffusion_v1/array_work/design_11/predictions_flat/design_11.pdb,/public/home/yinyifan/protein_design/examples/rsv_f_siteV_hRSV90_reproduction_5TPN_20260629/phase1_smoke/rfdiffusion_v1/array_work/design_11/predictions_flat/design_11.json,/public/home/yinyifan/protein_design/examples/rsv_f_siteV_hRSV90_reproduction_5TPN_20260629/phase1_smoke/rfdiffusion_v1/array_work/design_11/filter_summary.csv,/public/home/yinyifan/protein_design/examples/rsv_f_siteV_hRSV90_reproduction_5TPN_20260629/phase1_smoke/rfdiffusion_v1/array_work/design_11,,rfdiffusion_v1,design_11,design_11
rfdiffusion_v1__design_19,rfdiffusion_v1__design_19,PASS,85.93967811158798,3.5119667013527573,2.126584361063361,0,,,,,76,0,/public/home/yinyifan/protein_design/examples/rsv_f_siteV_hRSV90_reproduction_5TPN_20260629/phase1_smoke/rfdiffusion_v1/array_work/design_19/predictions_flat/design_19.pdb,/public/home/yinyifan/protein_design/examples/rsv_f_siteV_hRSV90_reproduction_5TPN_20260629/phase1_smoke/rfdiffusion_v1/array_work/design_19/predictions_flat/design_19.json,/public/home/yinyifan/protein_design/examples/rsv_f_siteV_hRSV90_reproduction_5TPN_20260629/phase1_smoke/rfdiffusion_v1/array_work/design_19/filter_summary.csv,/public/home/yinyifan/protein_design/examples/rsv_f_siteV_hRSV90_reproduction_5TPN_20260629/phase1_smoke/rfdiffusion_v1/array_work/design_19,,rfdiffusion_v1,design_19,design_19
rfdiffusion_v1__design_17,rfdiffusion_v1__design_17,PASS,85.71940047961631,3.4930247933884297,1.0140349336082901,0,,,,,76,0,/public/home/yinyifan/protein_design/examples/rsv_f_siteV_hRSV90_reproduction_5TPN_20260629/phase1_smoke/rfdiffusion_v1/array_work/design_17/predictions_flat/design_17.pdb,/public/home/yinyifan/protein_design/examples/rsv_f_siteV_hRSV90_reproduction_5TPN_20260629/phase1_smoke/rfdiffusion_v1/array_work/design_17/predictions_flat/design_17.json,/public/home/yinyifan/protein_design/examples/rsv_f_siteV_hRSV90_reproduction_5TPN_20260629/phase1_smoke/rfdiffusion_v1/array_work/design_17/filter_summary.csv,/public/home/yinyifan/protein_design/examples/rsv_f_siteV_hRSV90_reproduction_5TPN_20260629/phase1_smoke/rfdiffusion_v1/array_work/design_17,,rfdiffusion_v1,design_17,design_17
rfdiffusion_v1__design_1,rfdiffusion_v1__design_1,PASS,85.35215767634855,4.250443429185703,1.9593266962569864,0,,,,,76,0,/public/home/yinyifan/protein_design/examples/rsv_f_siteV_hRSV90_reproduction_5TPN_20260629/phase1_smoke/rfdiffusion_v1/array_work/design_1/predictions_flat/design_1.pdb,/public/home/yinyifan/protein_design/examples/rsv_f_siteV_hRSV90_reproduction_5TPN_20260629/phase1_smoke/rfdiffusion_v1/array_work/design_1/predictions_flat/design_1.json,/public/home/yinyifan/protein_design/examples/rsv_f_siteV_hRSV90_reproduction_5TPN_20260629/phase1_smoke/rfdiffusion_v1/array_work/design_1/filter_summary.csv,/public/home/yinyifan/protein_design/examples/rsv_f_siteV_hRSV90_reproduction_5TPN_20260629/phase1_smoke/rfdiffusion_v1/array_work/design_1,,rfdiffusion_v1,design_1,design_1
rfdiffusion_v1__design_12,rfdiffusion_v1__design_12,PASS,83.86616751269035,3.1322115384615383,0.8747238839219907,0,,,,,76,0,/public/home/yinyifan/protein_design/examples/rsv_f_siteV_hRSV90_reproduction_5TPN_20260629/phase1_smoke/rfdiffusion_v1/array_work/design_12/predictions_flat/design_12.pdb,/public/home/yinyifan/protein_design/examples/rsv_f_siteV_hRSV90_reproduction_5TPN_20260629/phase1_smoke/rfdiffusion_v1/array_work/design_12/predictions_flat/design_12.json,/public/home/yinyifan/protein_design/examples/rsv_f_siteV_hRSV90_reproduction_5TPN_20260629/phase1_smoke/rfdiffusion_v1/array_work/design_12/filter_summary.csv,/public/home/yinyifan/protein_design/examples/rsv_f_siteV_hRSV90_reproduction_5TPN_20260629/phase1_smoke/rfdiffusion_v1/array_work/design_12,,rfdiffusion_v1,design_12,design_12
rfdiffusion_v1__design_6,rfdiffusion_v1__design_6,PASS,83.5622950819672,3.553922193877551,1.137925488628343,0,,,,,76,0,/public/home/yinyifan/protein_design/examples/rsv_f_siteV_hRSV90_reproduction_5TPN_20260629/phase1_smoke/rfdiffusion_v1/array_work/design_6/predictions_flat/design_6.pdb,/public/home/yinyifan/protein_design/examples/rsv_f_siteV_hRSV90_reproduction_5TPN_20260629/phase1_smoke/rfdiffusion_v1/array_work/design_6/predictions_flat/design_6.json,/public/home/yinyifan/protein_design/examples/rsv_f_siteV_hRSV90_reproduction_5TPN_20260629/phase1_smoke/rfdiffusion_v1/array_work/design_6/filter_summary.csv,/public/home/yinyifan/protein_design/examples/rsv_f_siteV_hRSV90_reproduction_5TPN_20260629/phase1_smoke/rfdiffusion_v1/array_work/design_6,,rfdiffusion_v1,design_6,design_6
rfdiffusion_v1__design_0,rfdiffusion_v1__design_0,PASS,83.36017241379311,4.250927170115561,0.9311536235434237,0,,,,,76,0,/public/home/yinyifan/protein_design/examples/rsv_f_siteV_hRSV90_reproduction_5TPN_20260629/phase1_smoke/rfdiffusion_v1/array_work/design_0/predictions_flat/design_0.pdb,/public/home/yinyifan/protein_design/examples/rsv_f_siteV_hRSV90_reproduction_5TPN_20260629/phase1_smoke/rfdiffusion_v1/array_work/design_0/predictions_flat/design_0.json,/public/home/yinyifan/protein_design/examples/rsv_f_siteV_hRSV90_reproduction_5TPN_20260629/phase1_smoke/rfdiffusion_v1/array_work/design_0/filter_summary.csv,/public/home/yinyifan/protein_design/examples/rsv_f_siteV_hRSV90_reproduction_5TPN_20260629/phase1_smoke/rfdiffusion_v1/array_work/design_0,,rfdiffusion_v1,design_0,design_0
rfdiffusion_v1__design_13,rfdiffusion_v1__design_13,PASS,83.2044262295082,4.073126951092612,1.6224752664427309,1,,,,,76,0,/public/home/yinyifan/protein_design/examples/rsv_f_siteV_hRSV90_reproduction_5TPN_20260629/phase1_smoke/rfdiffusion_v1/array_work/design_13/predictions_flat/design_13.pdb,/public/home/yinyifan/protein_design/examples/rsv_f_siteV_hRSV90_reproduction_5TPN_20260629/phase1_smoke/rfdiffusion_v1/array_work/design_13/predictions_flat/design_13.json,/public/home/yinyifan/protein_design/examples/rsv_f_siteV_hRSV90_reproduction_5TPN_20260629/phase1_smoke/rfdiffusion_v1/array_work/design_13/filter_summary.csv,/public/home/yinyifan/protein_design/examples/rsv_f_siteV_hRSV90_reproduction_5TPN_20260629/phase1_smoke/rfdiffusion_v1/array_work/design_13,,rfdiffusion_v1,design_13,design_13
rfdiffusion_v1__design_2,rfdiffusion_v1__design_2,PASS,81.22208100558659,6.240814814814815,1.2031382810686921,0,,,,,76,0,/public/home/yinyifan/protein_design/examples/rsv_f_siteV_hRSV90_reproduction_5TPN_20260629/phase1_smoke/rfdiffusion_v1/array_work/design_2/predictions_flat/design_2.pdb,/public/home/yinyifan/protein_design/examples/rsv_f_siteV_hRSV90_reproduction_5TPN_20260629/phase1_smoke/rfdiffusion_v1/array_work/design_2/predictions_flat/design_2.json,/public/home/yinyifan/protein_design/examples/rsv_f_siteV_hRSV90_reproduction_5TPN_20260629/phase1_smoke/rfdiffusion_v1/array_work/design_2/filter_summary.csv,/public/home/yinyifan/protein_design/examples/rsv_f_siteV_hRSV90_reproduction_5TPN_20260629/phase1_smoke/rfdiffusion_v1/array_work/design_2,,rfdiffusion_v1,design_2,design_2
rfdiffusion_v1__design_3,rfdiffusion_v1__design_3,PASS,80.6177652733119,6.341354372123603,0.8090058855779578,0,,,,,76,0,/public/home/yinyifan/protein_design/examples/rsv_f_siteV_hRSV90_reproduction_5TPN_20260629/phase1_smoke/rfdiffusion_v1/array_work/design_3/predictions_flat/design_3.pdb,/public/home/yinyifan/protein_design/examples/rsv_f_siteV_hRSV90_reproduction_5TPN_20260629/phase1_smoke/rfdiffusion_v1/array_work/design_3/predictions_flat/design_3.json,/public/home/yinyifan/protein_design/examples/rsv_f_siteV_hRSV90_reproduction_5TPN_20260629/phase1_smoke/rfdiffusion_v1/array_work/design_3/filter_summary.csv,/public/home/yinyifan/protein_design/examples/rsv_f_siteV_hRSV90_reproduction_5TPN_20260629/phase1_smoke/rfdiffusion_v1/array_work/design_3,,rfdiffusion_v1,design_3,design_3
rfdiffusion_v1__design_5,rfdiffusion_v1__design_5,PASS,79.49388804841149,5.238562925170068,2.28271253958576,0,,,,,76,0,/public/home/yinyifan/protein_design/examples/rsv_f_siteV_hRSV90_reproduction_5TPN_20260629/phase1_smoke/rfdiffusion_v1/array_work/design_5/predictions_flat/design_5.pdb,/public/home/yinyifan/protein_design/examples/rsv_f_siteV_hRSV90_reproduction_5TPN_20260629/phase1_smoke/rfdiffusion_v1/array_work/design_5/predictions_flat/design_5.json,/public/home/yinyifan/protein_design/examples/rsv_f_siteV_hRSV90_reproduction_5TPN_20260629/phase1_smoke/rfdiffusion_v1/array_work/design_5/filter_summary.csv,/public/home/yinyifan/protein_design/examples/rsv_f_siteV_hRSV90_reproduction_5TPN_20260629/phase1_smoke/rfdiffusion_v1/array_work/design_5,,rfdiffusion_v1,design_5,design_5
rfdiffusion_v1__design_8,rfdiffusion_v1__design_8,FAIL,73.89599018003274,7.295203125,3.636549577891351,0,,,,,76,0,/public/home/yinyifan/protein_design/examples/rsv_f_siteV_hRSV90_reproduction_5TPN_20260629/phase1_smoke/rfdiffusion_v1/array_work/design_8/predictions_flat/design_8.pdb,/public/home/yinyifan/protein_design/examples/rsv_f_siteV_hRSV90_reproduction_5TPN_20260629/phase1_smoke/rfdiffusion_v1/array_work/design_8/predictions_flat/design_8.json,/public/home/yinyifan/protein_design/examples/rsv_f_siteV_hRSV90_reproduction_5TPN_20260629/phase1_smoke/rfdiffusion_v1/array_work/design_8/filter_summary.csv,/public/home/yinyifan/protein_design/examples/rsv_f_siteV_hRSV90_reproduction_5TPN_20260629/phase1_smoke/rfdiffusion_v1/array_work/design_8,,rfdiffusion_v1,design_8,design_8
foundry_rfd3__design_14,foundry_rfd3__design_14,PASS,88.7784649122807,4.0741455078125,1.7263866954032232,0,,,,,76,0,/public/home/yinyifan/protein_design/examples/rsv_f_siteV_hRSV90_reproduction_5TPN_20260629/phase1_smoke/foundry_rfd3/array_work/design_14/predictions_flat/design_14.pdb,/public/home/yinyifan/protein_design/examples/rsv_f_siteV_hRSV90_reproduction_5TPN_20260629/phase1_smoke/foundry_rfd3/array_work/design_14/predictions_flat/design_14.json,/public/home/yinyifan/protein_design/examples/rsv_f_siteV_hRSV90_reproduction_5TPN_20260629/phase1_smoke/foundry_rfd3/array_work/design_14/filter_summary.csv,/public/home/yinyifan/protein_design/examples/rsv_f_siteV_hRSV90_reproduction_5TPN_20260629/phase1_smoke/foundry_rfd3/array_work/design_14,,foundry_rfd3,design_14,design_14
foundry_rfd3__design_6,foundry_rfd3__design_6,PASS,87.81372781065089,3.684785030073513,0.9330342011454243,0,,,,,76,0,/public/home/yinyifan/protein_design/examples/rsv_f_siteV_hRSV90_reproduction_5TPN_20260629/phase1_smoke/foundry_rfd3/array_work/design_6/predictions_flat/design_6.pdb,/public/home/yinyifan/protein_design/examples/rsv_f_siteV_hRSV90_reproduction_5TPN_20260629/phase1_smoke/foundry_rfd3/array_work/design_6/predictions_flat/design_6.json,/public/home/yinyifan/protein_design/examples/rsv_f_siteV_hRSV90_reproduction_5TPN_20260629/phase1_smoke/foundry_rfd3/array_work/design_6/filter_summary.csv,/public/home/yinyifan/protein_design/examples/rsv_f_siteV_hRSV90_reproduction_5TPN_20260629/phase1_smoke/foundry_rfd3/array_work/design_6,,foundry_rfd3,design_6,design_6
foundry_rfd3__design_4,foundry_rfd3__design_4,PASS,85.87287009063444,3.9093708489312884,0.9239638037943504,0,,,,,76,0,/public/home/yinyifan/protein_design/examples/rsv_f_siteV_hRSV90_reproduction_5TPN_20260629/phase1_smoke/foundry_rfd3/array_work/design_4/predictions_flat/design_4.pdb,/public/home/yinyifan/protein_design/examples/rsv_f_siteV_hRSV90_reproduction_5TPN_20260629/phase1_smoke/foundry_rfd3/array_work/design_4/predictions_flat/design_4.json,/public/home/yinyifan/protein_design/examples/rsv_f_siteV_hRSV90_reproduction_5TPN_20260629/phase1_smoke/foundry_rfd3/array_work/design_4/filter_summary.csv,/public/home/yinyifan/protein_design/examples/rsv_f_siteV_hRSV90_reproduction_5TPN_20260629/phase1_smoke/foundry_rfd3/array_work/design_4,,foundry_rfd3,design_4,design_4
foundry_rfd3__design_5,foundry_rfd3__design_5,FAIL,84.30555066079295,4.417654872599927,3.5832223028918575,0,,,,,76,0,/public/home/yinyifan/protein_design/examples/rsv_f_siteV_hRSV90_reproduction_5TPN_20260629/phase1_smoke/foundry_rfd3/array_work/design_5/predictions_flat/design_5.pdb,/public/home/yinyifan/protein_design/examples/rsv_f_siteV_hRSV90_reproduction_5TPN_20260629/phase1_smoke/foundry_rfd3/array_work/design_5/predictions_flat/design_5.json,/public/home/yinyifan/protein_design/examples/rsv_f_siteV_hRSV90_reproduction_5TPN_20260629/phase1_smoke/foundry_rfd3/array_work/design_5/filter_summary.csv,/public/home/yinyifan/protein_design/examples/rsv_f_siteV_hRSV90_reproduction_5TPN_20260629/phase1_smoke/foundry_rfd3/array_work/design_5,,foundry_rfd3,design_5,design_5
foundry_rfd3__design_0,foundry_rfd3__design_0,PASS,82.29526548672567,5.078942052771115,0.8291914130155464,1,,,,,76,0,/public/home/yinyifan/protein_design/examples/rsv_f_siteV_hRSV90_reproduction_5TPN_20260629/phase1_smoke/foundry_rfd3/array_work/design_0/predictions_flat/design_0.pdb,/public/home/yinyifan/protein_design/examples/rsv_f_siteV_hRSV90_reproduction_5TPN_20260629/phase1_smoke/foundry_rfd3/array_work/design_0/predictions_flat/design_0.json,/public/home/yinyifan/protein_design/examples/rsv_f_siteV_hRSV90_reproduction_5TPN_20260629/phase1_smoke/foundry_rfd3/array_work/design_0/filter_summary.csv,/public/home/yinyifan/protein_design/examples/rsv_f_siteV_hRSV90_reproduction_5TPN_20260629/phase1_smoke/foundry_rfd3/array_work/design_0,,foundry_rfd3,design_0,design_0
foundry_rfd3__design_19,foundry_rfd3__design_19,FAIL,81.16470175438596,9.650283446712018,7.570768646130572,0,,,,,76,0,/public/home/yinyifan/protein_design/examples/rsv_f_siteV_hRSV90_reproduction_5TPN_20260629/phase1_smoke/foundry_rfd3/array_work/design_19/predictions_flat/design_19.pdb,/public/home/yinyifan/protein_design/examples/rsv_f_siteV_hRSV90_reproduction_5TPN_20260629/phase1_smoke/foundry_rfd3/array_work/design_19/predictions_flat/design_19.json,/public/home/yinyifan/protein_design/examples/rsv_f_siteV_hRSV90_reproduction_5TPN_20260629/phase1_smoke/foundry_rfd3/array_work/design_19/filter_summary.csv,/public/home/yinyifan/protein_design/examples/rsv_f_siteV_hRSV90_reproduction_5TPN_20260629/phase1_smoke/foundry_rfd3/array_work/design_19,,foundry_rfd3,design_19,design_19
foundry_rfd3__design_3,foundry_rfd3__design_3,FAIL,80.47599673202615,10.100548696844994,0.833185918371079,0,,,,,76,0,/public/home/yinyifan/protein_design/examples/rsv_f_siteV_hRSV90_reproduction_5TPN_20260629/phase1_smoke/foundry_rfd3/array_work/design_3/predictions_flat/design_3.pdb,/public/home/yinyifan/protein_design/examples/rsv_f_siteV_hRSV90_reproduction_5TPN_20260629/phase1_smoke/foundry_rfd3/array_work/design_3/predictions_flat/design_3.json,/public/home/yinyifan/protein_design/examples/rsv_f_siteV_hRSV90_reproduction_5TPN_20260629/phase1_smoke/foundry_rfd3/array_work/design_3/filter_summary.csv,/public/home/yinyifan/protein_design/examples/rsv_f_siteV_hRSV90_reproduction_5TPN_20260629/phase1_smoke/foundry_rfd3/array_work/design_3,,foundry_rfd3,design_3,design_3
foundry_rfd3__design_16,foundry_rfd3__design_16,PASS,77.45096899224806,5.1382060424094576,0.9903385578420466,0,,,,,76,0,/public/home/yinyifan/protein_design/examples/rsv_f_siteV_hRSV90_reproduction_5TPN_20260629/phase1_smoke/foundry_rfd3/array_work/design_16/predictions_flat/design_16.pdb,/public/home/yinyifan/protein_design/examples/rsv_f_siteV_hRSV90_reproduction_5TPN_20260629/phase1_smoke/foundry_rfd3/array_work/design_16/predictions_flat/design_16.json,/public/home/yinyifan/protein_design/examples/rsv_f_siteV_hRSV90_reproduction_5TPN_20260629/phase1_smoke/foundry_rfd3/array_work/design_16/filter_summary.csv,/public/home/yinyifan/protein_design/examples/rsv_f_siteV_hRSV90_reproduction_5TPN_20260629/phase1_smoke/foundry_rfd3/array_work/design_16,,foundry_rfd3,design_16,design_16
foundry_rfd3__design_8,foundry_rfd3__design_8,PASS,76.77944281524927,8.564373019465823,1.7772833652315674,0,,,,,76,0,/public/home/yinyifan/protein_design/examples/rsv_f_siteV_hRSV90_reproduction_5TPN_20260629/phase1_smoke/foundry_rfd3/array_work/design_8/predictions_flat/design_8.pdb,/public/home/yinyifan/protein_design/examples/rsv_f_siteV_hRSV90_reproduction_5TPN_20260629/phase1_smoke/foundry_rfd3/array_work/design_8/predictions_flat/design_8.json,/public/home/yinyifan/protein_design/examples/rsv_f_siteV_hRSV90_reproduction_5TPN_20260629/phase1_smoke/foundry_rfd3/array_work/design_8/filter_summary.csv,/public/home/yinyifan/protein_design/examples/rsv_f_siteV_hRSV90_reproduction_5TPN_20260629/phase1_smoke/foundry_rfd3/array_work/design_8,,foundry_rfd3,design_8,design_8
foundry_rfd3__design_7,foundry_rfd3__design_7,FAIL,76.49018867924528,10.211227444865226,7.8227736828574885,0,,,,,76,0,/public/home/yinyifan/protein_design/examples/rsv_f_siteV_hRSV90_reproduction_5TPN_20260629/phase1_smoke/foundry_rfd3/array_work/design_7/predictions_flat/design_7.pdb,/public/home/yinyifan/protein_design/examples/rsv_f_siteV_hRSV90_reproduction_5TPN_20260629/phase1_smoke/foundry_rfd3/array_work/design_7/predictions_flat/design_7.json,/public/home/yinyifan/protein_design/examples/rsv_f_siteV_hRSV90_reproduction_5TPN_20260629/phase1_smoke/foundry_rfd3/array_work/design_7/filter_summary.csv,/public/home/yinyifan/protein_design/examples/rsv_f_siteV_hRSV90_reproduction_5TPN_20260629/phase1_smoke/foundry_rfd3/array_work/design_7,,foundry_rfd3,design_7,design_7
foundry_rfd3__design_17,foundry_rfd3__design_17,PASS,74.24237676056337,7.013248264214674,1.0110077600594196,0,,,,,76,0,/public/home/yinyifan/protein_design/examples/rsv_f_siteV_hRSV90_reproduction_5TPN_20260629/phase1_smoke/foundry_rfd3/array_work/design_17/predictions_flat/design_17.pdb,/public/home/yinyifan/protein_design/examples/rsv_f_siteV_hRSV90_reproduction_5TPN_20260629/phase1_smoke/foundry_rfd3/array_work/design_17/predictions_flat/design_17.json,/public/home/yinyifan/protein_design/examples/rsv_f_siteV_hRSV90_reproduction_5TPN_20260629/phase1_smoke/foundry_rfd3/array_work/design_17/filter_summary.csv,/public/home/yinyifan/protein_design/examples/rsv_f_siteV_hRSV90_reproduction_5TPN_20260629/phase1_smoke/foundry_rfd3/array_work/design_17,,foundry_rfd3,design_17,design_17
foundry_rfd3__design_9,foundry_rfd3__design_9,FAIL,73.54033707865169,7.523313716613853,3.5729141965337528,0,,,,,76,0,/public/home/yinyifan/protein_design/examples/rsv_f_siteV_hRSV90_reproduction_5TPN_20260629/phase1_smoke/foundry_rfd3/array_work/design_9/predictions_flat/design_9.pdb,/public/home/yinyifan/protein_design/examples/rsv_f_siteV_hRSV90_reproduction_5TPN_20260629/phase1_smoke/foundry_rfd3/array_work/design_9/predictions_flat/design_9.json,/public/home/yinyifan/protein_design/examples/rsv_f_siteV_hRSV90_reproduction_5TPN_20260629/phase1_smoke/foundry_rfd3/array_work/design_9/filter_summary.csv,/public/home/yinyifan/protein_design/examples/rsv_f_siteV_hRSV90_reproduction_5TPN_20260629/phase1_smoke/foundry_rfd3/array_work/design_9,,foundry_rfd3,design_9,design_9
foundry_rfd3__design_1,foundry_rfd3__design_1,FAIL,73.26112259970458,12.417687160712031,1.868323983513816,0,,,,,76,0,/public/home/yinyifan/protein_design/examples/rsv_f_siteV_hRSV90_reproduction_5TPN_20260629/phase1_smoke/foundry_rfd3/array_work/design_1/predictions_flat/design_1.pdb,/public/home/yinyifan/protein_design/examples/rsv_f_siteV_hRSV90_reproduction_5TPN_20260629/phase1_smoke/foundry_rfd3/array_work/design_1/predictions_flat/design_1.json,/public/home/yinyifan/protein_design/examples/rsv_f_siteV_hRSV90_reproduction_5TPN_20260629/phase1_smoke/foundry_rfd3/array_work/design_1/filter_summary.csv,/public/home/yinyifan/protein_design/examples/rsv_f_siteV_hRSV90_reproduction_5TPN_20260629/phase1_smoke/foundry_rfd3/array_work/design_1,,foundry_rfd3,design_1,design_1
foundry_rfd3__design_15,foundry_rfd3__design_15,FAIL,71.90429460580913,5.502978515625,7.702351297107776,0,,,,,76,0,/public/home/yinyifan/protein_design/examples/rsv_f_siteV_hRSV90_reproduction_5TPN_20260629/phase1_smoke/foundry_rfd3/array_work/design_15/predictions_flat/design_15.pdb,/public/home/yinyifan/protein_design/examples/rsv_f_siteV_hRSV90_reproduction_5TPN_20260629/phase1_smoke/foundry_rfd3/array_work/design_15/predictions_flat/design_15.json,/public/home/yinyifan/protein_design/examples/rsv_f_siteV_hRSV90_reproduction_5TPN_20260629/phase1_smoke/foundry_rfd3/array_work/design_15/filter_summary.csv,/public/home/yinyifan/protein_design/examples/rsv_f_siteV_hRSV90_reproduction_5TPN_20260629/phase1_smoke/foundry_rfd3/array_work/design_15,,foundry_rfd3,design_15,design_15
foundry_rfd3__design_18,foundry_rfd3__design_18,FAIL,71.85526645768024,9.995068027210884,7.581049875448065,0,,,,,76,0,/public/home/yinyifan/protein_design/examples/rsv_f_siteV_hRSV90_reproduction_5TPN_20260629/phase1_smoke/foundry_rfd3/array_work/design_18/predictions_flat/design_18.pdb,/public/home/yinyifan/protein_design/examples/rsv_f_siteV_hRSV90_reproduction_5TPN_20260629/phase1_smoke/foundry_rfd3/array_work/design_18/predictions_flat/design_18.json,/public/home/yinyifan/protein_design/examples/rsv_f_siteV_hRSV90_reproduction_5TPN_20260629/phase1_smoke/foundry_rfd3/array_work/design_18/filter_summary.csv,/public/home/yinyifan/protein_design/examples/rsv_f_siteV_hRSV90_reproduction_5TPN_20260629/phase1_smoke/foundry_rfd3/array_work/design_18,,foundry_rfd3,design_18,design_18
foundry_rfd3__design_10,foundry_rfd3__design_10,FAIL,64.33520353982301,15.883070348454964,7.633741433306961,0,,,,,76,0,/public/home/yinyifan/protein_design/examples/rsv_f_siteV_hRSV90_reproduction_5TPN_20260629/phase1_smoke/foundry_rfd3/array_work/design_10/predictions_flat/design_10.pdb,/public/home/yinyifan/protein_design/examples/rsv_f_siteV_hRSV90_reproduction_5TPN_20260629/phase1_smoke/foundry_rfd3/array_work/design_10/predictions_flat/design_10.json,/public/home/yinyifan/protein_design/examples/rsv_f_siteV_hRSV90_reproduction_5TPN_20260629/phase1_smoke/foundry_rfd3/array_work/design_10/filter_summary.csv,/public/home/yinyifan/protein_design/examples/rsv_f_siteV_hRSV90_reproduction_5TPN_20260629/phase1_smoke/foundry_rfd3/array_work/design_10,,foundry_rfd3,design_10,design_10
foundry_rfd3__design_13,foundry_rfd3__design_13,FAIL,63.060289093298294,18.809820384738018,9.188390965381267,0,,,,,76,0,/public/home/yinyifan/protein_design/examples/rsv_f_siteV_hRSV90_reproduction_5TPN_20260629/phase1_smoke/foundry_rfd3/array_work/design_13/predictions_flat/design_13.pdb,/public/home/yinyifan/protein_design/examples/rsv_f_siteV_hRSV90_reproduction_5TPN_20260629/phase1_smoke/foundry_rfd3/array_work/design_13/predictions_flat/design_13.json,/public/home/yinyifan/protein_design/examples/rsv_f_siteV_hRSV90_reproduction_5TPN_20260629/phase1_smoke/foundry_rfd3/array_work/design_13/filter_summary.csv,/public/home/yinyifan/protein_design/examples/rsv_f_siteV_hRSV90_reproduction_5TPN_20260629/phase1_smoke/foundry_rfd3/array_work/design_13,,foundry_rfd3,design_13,design_13
foundry_rfd3__design_2,foundry_rfd3__design_2,FAIL,55.511625874125876,15.152781588172534,3.6321333488038063,0,,,,,76,0,/public/home/yinyifan/protein_design/examples/rsv_f_siteV_hRSV90_reproduction_5TPN_20260629/phase1_smoke/foundry_rfd3/array_work/design_2/predictions_flat/design_2.pdb,/public/home/yinyifan/protein_design/examples/rsv_f_siteV_hRSV90_reproduction_5TPN_20260629/phase1_smoke/foundry_rfd3/array_work/design_2/predictions_flat/design_2.json,/public/home/yinyifan/protein_design/examples/rsv_f_siteV_hRSV90_reproduction_5TPN_20260629/phase1_smoke/foundry_rfd3/array_work/design_2/filter_summary.csv,/public/home/yinyifan/protein_design/examples/rsv_f_siteV_hRSV90_reproduction_5TPN_20260629/phase1_smoke/foundry_rfd3/array_work/design_2,,foundry_rfd3,design_2,design_2
foundry_rfd3__design_11,foundry_rfd3__design_11,FAIL,46.412840531561464,14.297435897435898,1.157240335816525,0,,,,,76,0,/public/home/yinyifan/protein_design/examples/rsv_f_siteV_hRSV90_reproduction_5TPN_20260629/phase1_smoke/foundry_rfd3/array_work/design_11/predictions_flat/design_11.pdb,/public/home/yinyifan/protein_design/examples/rsv_f_siteV_hRSV90_reproduction_5TPN_20260629/phase1_smoke/foundry_rfd3/array_work/design_11/predictions_flat/design_11.json,/public/home/yinyifan/protein_design/examples/rsv_f_siteV_hRSV90_reproduction_5TPN_20260629/phase1_smoke/foundry_rfd3/array_work/design_11/filter_summary.csv,/public/home/yinyifan/protein_design/examples/rsv_f_siteV_hRSV90_reproduction_5TPN_20260629/phase1_smoke/foundry_rfd3/array_work/design_11,,foundry_rfd3,design_11,design_11
foundry_rfd3__design_12,foundry_rfd3__design_12,FAIL,45.36141369047619,15.799691784461686,4.2917647346905055,0,,,,,76,0,/public/home/yinyifan/protein_design/examples/rsv_f_siteV_hRSV90_reproduction_5TPN_20260629/phase1_smoke/foundry_rfd3/array_work/design_12/predictions_flat/design_12.pdb,/public/home/yinyifan/protein_design/examples/rsv_f_siteV_hRSV90_reproduction_5TPN_20260629/phase1_smoke/foundry_rfd3/array_work/design_12/predictions_flat/design_12.json,/public/home/yinyifan/protein_design/examples/rsv_f_siteV_hRSV90_reproduction_5TPN_20260629/phase1_smoke/foundry_rfd3/array_work/design_12/filter_summary.csv,/public/home/yinyifan/protein_design/examples/rsv_f_siteV_hRSV90_reproduction_5TPN_20260629/phase1_smoke/foundry_rfd3/array_work/design_12,,foundry_rfd3,design_12,design_12
