cutoff_angstrom	antigen_chain	antigen_residue	antigen_icode	antigen_resname	antigen_atom	antibody_chain	antibody_role	antibody_residue	antibody_icode	antibody_resname	antibody_atom	distance_angstrom
4.00	A	169		SER	OG	H	heavy	64		TYR	CE1	3.095
4.00	A	169		SER	OG	H	heavy	64		TYR	OH	3.336
4.00	A	169		SER	OG	H	heavy	64		TYR	CZ	3.554
4.00	A	170		ALA	O	L	light	108		ASN	O	2.885
4.00	A	170		ALA	C	L	light	108		ASN	O	3.836
4.00	A	170		ALA	CA	L	light	109		ASN	ND2	3.962
4.00	A	172		LEU	CD1	L	light	110		TRP	CD2	3.322
4.00	A	172		LEU	CD1	L	light	110		TRP	CE3	3.486
4.00	A	172		LEU	O	H	heavy	109		TYR	CD2	3.607
4.00	A	172		LEU	CD1	L	light	110		TRP	CG	3.654
4.00	A	172		LEU	CD2	H	heavy	64		TYR	CG	3.689
4.00	A	172		LEU	CD1	L	light	110		TRP	CE2	3.707
4.00	A	172		LEU	CD1	H	heavy	64		TYR	CE2	3.711
4.00	A	172		LEU	CD2	H	heavy	64		TYR	CD1	3.778
4.00	A	172		LEU	CB	L	light	110		TRP	CE2	3.854
4.00	A	172		LEU	O	H	heavy	109		TYR	CE2	3.855
4.00	A	172		LEU	CD1	H	heavy	64		TYR	CD2	3.868
4.00	A	172		LEU	CB	L	light	110		TRP	NE1	3.891
4.00	A	172		LEU	CD1	H	heavy	64		TYR	CZ	3.967
4.00	A	172		LEU	CD1	L	light	110		TRP	CZ3	3.978
4.00	A	173		SER	OG	H	heavy	107		ASP	OD2	2.521
4.00	A	173		SER	CB	L	light	110		TRP	NE1	3.298
4.00	A	173		SER	OG	H	heavy	107		ASP	CG	3.376
4.00	A	173		SER	OG	H	heavy	107		ASP	OD1	3.506
4.00	A	173		SER	O	L	light	107		TYR	CD1	3.511
4.00	A	173		SER	O	H	heavy	109		TYR	CB	3.538
4.00	A	173		SER	CB	H	heavy	107		ASP	OD2	3.556
4.00	A	173		SER	CB	L	light	107		TYR	O	3.623
4.00	A	173		SER	C	H	heavy	109		TYR	CD2	3.656
4.00	A	173		SER	OG	L	light	107		TYR	CB	3.675
4.00	A	173		SER	CA	H	heavy	107		ASP	OD2	3.719
4.00	A	173		SER	OG	L	light	110		TRP	NE1	3.783
4.00	A	173		SER	O	H	heavy	109		TYR	CG	3.799
4.00	A	173		SER	CB	L	light	107		TYR	CB	3.860
4.00	A	173		SER	C	H	heavy	109		TYR	CG	3.870
4.00	A	173		SER	CB	L	light	110		TRP	CD1	3.874
4.00	A	173		SER	C	H	heavy	109		TYR	CB	3.973
4.00	A	173		SER	N	L	light	110		TRP	NE1	3.980
4.00	A	173		SER	O	L	light	107		TYR	CB	3.988
4.00	A	174		THR	OG1	H	heavy	113		TYR	CE1	2.715
4.00	A	174		THR	CG2	L	light	107		TYR	CD1	2.864
4.00	A	174		THR	OG1	H	heavy	113		TYR	CD1	2.875
4.00	A	174		THR	OG1	L	light	38		ASN	OD1	3.181
4.00	A	174		THR	CB	H	heavy	113		TYR	CD1	3.336
4.00	A	174		THR	N	H	heavy	109		TYR	CD2	3.357
4.00	A	174		THR	CB	L	light	107		TYR	CD1	3.398
4.00	A	174		THR	CG2	L	light	107		TYR	CE1	3.432
4.00	A	174		THR	CG2	L	light	38		ASN	CG	3.480
4.00	A	174		THR	CA	H	heavy	109		TYR	CG	3.530
4.00	A	174		THR	CA	H	heavy	109		TYR	CD2	3.549
4.00	A	174		THR	CG2	L	light	38		ASN	ND2	3.550
4.00	A	174		THR	CG2	L	light	107		TYR	O	3.562
4.00	A	174		THR	CB	H	heavy	113		TYR	CE1	3.577
4.00	A	174		THR	CA	H	heavy	109		TYR	CD1	3.584
4.00	A	174		THR	N	H	heavy	109		TYR	CE2	3.600
4.00	A	174		THR	CG2	L	light	38		ASN	OD1	3.611
4.00	A	174		THR	CA	H	heavy	109		TYR	CE2	3.623
4.00	A	174		THR	CB	L	light	107		TYR	CE1	3.625
4.00	A	174		THR	CA	H	heavy	109		TYR	CE1	3.661
4.00	A	174		THR	CA	H	heavy	109		TYR	CZ	3.682
4.00	A	174		THR	OG1	L	light	107		TYR	CE1	3.725
4.00	A	174		THR	N	H	heavy	109		TYR	CG	3.727
4.00	A	174		THR	C	H	heavy	109		TYR	CZ	3.742
4.00	A	174		THR	OG1	L	light	38		ASN	CG	3.834
4.00	A	174		THR	OG1	H	heavy	113		TYR	CZ	3.883
4.00	A	174		THR	C	H	heavy	109		TYR	CE1	3.924
4.00	A	174		THR	CG2	L	light	107		TYR	CG	3.946
4.00	A	174		THR	CB	L	light	38		ASN	OD1	3.955
4.00	A	174		THR	OG1	L	light	107		TYR	CD1	3.982
4.00	A	175		ASN	OD1	H	heavy	113		TYR	OH	2.938
4.00	A	175		ASN	OD1	H	heavy	109		TYR	CE1	3.271
4.00	A	175		ASN	N	H	heavy	109		TYR	CZ	3.313
4.00	A	175		ASN	N	H	heavy	109		TYR	CE1	3.347
4.00	A	175		ASN	N	H	heavy	109		TYR	OH	3.352
4.00	A	175		ASN	CB	H	heavy	109		TYR	OH	3.437
4.00	A	175		ASN	OD1	H	heavy	113		TYR	CE1	3.583
4.00	A	175		ASN	O	L	light	38		ASN	ND2	3.694
4.00	A	175		ASN	OD1	H	heavy	113		TYR	CZ	3.702
4.00	A	175		ASN	CA	H	heavy	109		TYR	OH	3.754
4.00	A	175		ASN	OD1	H	heavy	109		TYR	OH	3.836
4.00	A	175		ASN	CG	H	heavy	113		TYR	OH	3.869
4.00	A	175		ASN	OD1	H	heavy	109		TYR	CZ	3.939
4.00	A	176		LYS	O	L	light	38		ASN	ND2	2.839
4.00	A	176		LYS	O	L	light	38		ASN	CG	3.744
4.00	A	176		LYS	C	L	light	38		ASN	ND2	3.807
4.00	A	176		LYS	O	L	light	38		ASN	OD1	3.894
4.00	A	177		ALA	CB	L	light	108		ASN	OD1	3.233
4.00	A	177		ALA	CB	L	light	38		ASN	ND2	3.371
4.00	A	177		ALA	CA	L	light	108		ASN	OD1	3.525
4.00	A	177		ALA	CB	L	light	108		ASN	CG	3.541
4.00	A	177		ALA	CB	L	light	108		ASN	ND2	3.657
4.00	A	177		ALA	CA	L	light	38		ASN	ND2	3.680
4.00	A	177		ALA	CB	L	light	108		ASN	O	3.874
4.00	A	177		ALA	C	L	light	108		ASN	OD1	3.964
4.00	A	178		VAL	CG2	L	light	36		ILE	CD1	2.770
4.00	A	178		VAL	O	L	light	108		ASN	ND2	2.945
4.00	A	178		VAL	CG2	L	light	36		ILE	CG1	3.146
4.00	A	178		VAL	N	L	light	108		ASN	OD1	3.346
4.00	A	178		VAL	N	L	light	108		ASN	ND2	3.355
4.00	A	178		VAL	CB	L	light	36		ILE	CG1	3.483
4.00	A	178		VAL	CB	L	light	36		ILE	CD1	3.713
4.00	A	178		VAL	N	L	light	108		ASN	CG	3.762
4.00	A	178		VAL	C	L	light	108		ASN	ND2	3.781
4.00	A	178		VAL	CA	L	light	108		ASN	ND2	3.877
4.00	A	178		VAL	O	L	light	109		ASN	OD1	3.910
4.00	A	178		VAL	N	L	light	36		ILE	CG1	3.974
4.00	A	188		LEU	CD2	L	light	36		ILE	CD1	3.628
4.00	A	191		LYS	NZ	H	heavy	111		SER	OG	3.276
4.00	A	194		ASP	OD2	H	heavy	111		SER	OG	2.278
4.00	A	194		ASP	OD2	H	heavy	111		SER	O	2.760
4.00	A	194		ASP	OD2	H	heavy	111		SER	C	3.110
4.00	A	194		ASP	OD2	H	heavy	111		SER	CB	3.199
4.00	A	194		ASP	CG	H	heavy	111		SER	OG	3.402
4.00	A	194		ASP	OD2	H	heavy	111		SER	CA	3.697
4.00	A	194		ASP	CG	H	heavy	111		SER	O	3.737
4.00	A	194		ASP	OD2	H	heavy	111	A	GLY	N	3.761
4.00	A	194		ASP	CB	H	heavy	111	A	GLY	CA	3.827
4.00	A	194		ASP	OD2	H	heavy	111	A	GLY	CA	3.945
4.00	A	197		ASN	CG	H	heavy	111		SER	O	3.900
4.00	A	201		LYS	CE	H	heavy	36		ASP	OD1	3.148
4.00	A	201		LYS	CG	H	heavy	58		TRP	CH2	3.291
4.00	A	201		LYS	NZ	H	heavy	36		ASP	OD1	3.380
4.00	A	201		LYS	CD	H	heavy	36		ASP	OD1	3.384
4.00	A	201		LYS	CD	H	heavy	58		TRP	CH2	3.463
4.00	A	201		LYS	NZ	H	heavy	36		ASP	CG	3.542
4.00	A	201		LYS	CD	H	heavy	58		TRP	CZ3	3.630
4.00	A	201		LYS	CE	H	heavy	36		ASP	CG	3.684
4.00	A	201		LYS	CG	H	heavy	58		TRP	CZ3	3.870
4.00	A	201		LYS	NZ	H	heavy	36		ASP	CB	3.948
4.00	A	201		LYS	CG	H	heavy	58		TRP	CZ2	3.972
4.00	A	226		LYS	NZ	H	heavy	111	A	GLY	O	3.665
4.00	A	263		ASP	OD1	L	light	83		SER	OG	3.074
4.00	A	263		ASP	OD2	L	light	37		SER	OG	3.097
4.00	A	263		ASP	CB	L	light	36		ILE	CG2	3.428
4.00	A	263		ASP	OD1	L	light	83		SER	CB	3.443
4.00	A	263		ASP	CG	L	light	36		ILE	CG2	3.459
4.00	A	263		ASP	OD2	L	light	36		ILE	CG2	3.540
4.00	A	263		ASP	OD2	L	light	37		SER	CB	3.621
4.00	A	263		ASP	OD1	L	light	37		SER	CB	3.686
4.00	A	263		ASP	CG	L	light	83		SER	OG	3.749
4.00	A	263		ASP	CG	L	light	37		SER	OG	3.843
4.00	A	263		ASP	CA	L	light	83		SER	OG	3.873
4.00	A	263		ASP	CG	L	light	37		SER	CB	3.936
4.00	A	263		ASP	OD1	L	light	37		SER	OG	3.986
